"id","name","email","birthday"
8,"Hanson","hcapes7@usnews.com","1951-10-01"
9,"Dulcy","dmitie8@china.com.cn","1979-09-13"
11,"Whitney","wpostiansa@disqus.com","1950-09-23"
12,"Mattie","mpaulerb@domainmarket.com","2016-03-01"
14,"Tyne","tcuffd@fotki.com","1962-04-01"
15,"Greta","gparagreene@home.pl","1955-09-15"
16,"Tiffie","tbouzekf@go.com","2000-02-29"
17,"Petey","pspaingowerg@sina.com.cn","1968-04-05"
18,"Carny","cmaffiolettih@microsoft.com","2014-11-03"
19,"Emmit","etudgayi@booking.com","1989-02-23"
20,"Philip","pnoriegaj@scientificamerican.com","1950-12-04"
21,"Brewer","bdomenicik@google.fr","1987-05-14"
22,"Shanna","sgilchrestl@reference.com","1974-09-04"
23,"Mycah","mmacilhargym@illinois.edu","1979-09-19"
24,"Ingmar","ipenhalln@hao123.com",NULL
25,"Isiahi","imcauslando@hhs.gov","1986-06-06"
26,"Otto","olaskeyp@utexas.edu","2016-05-09"
27,"Petronia","pkuhndelq@ifeng.com","1992-03-10"
28,"Ermin","epashbyr@nyu.edu","1962-05-25"
29,"Imogen","ifranzettoinis@bloomberg.com","1997-01-25"
30,"Ad","arisomt@usda.gov","1973-09-10"
31,"Laverne","lquartermaineu@hostgator.com","1963-07-10"
32,"Doloritas","dmolyneauxv@mtv.com","1973-09-12"
33,"Malanie","mgatusw@phoca.cz","1991-05-05"
34,"Rachael","rblaskex@howstuffworks.com","2013-08-12"
35,"Braden","bopfery@e-recht24.de","2007-11-01"
36,"Consuelo","clebatteurz@auda.org.au","1985-12-18"
37,"Xever","xgillbey10@simplemachines.org","1950-04-09"
38,"Nelle","nbointon11@soundcloud.com","1964-01-24"
39,"Walker","wcrosher12@tinypic.com","1950-07-15"
40,"Bree","bscrase13@bbc.co.uk","1986-02-28"
41,"Durante","dbeldham14@usgs.gov","1969-03-08"
42,"Dulce","dswetmore15@nyu.edu","1975-07-19"
43,"Lyndsie","lbakster16@cnbc.com","1968-01-14"
44,"Sloane","succeli17@cnet.com","1967-01-17"
45,"Chlo","ccamble18@chicagotribune.com",NULL
46,"Darleen","darkcoll19@weebly.com","1999-07-11"
47,"Jameson","jmillam1a@yellowbook.com","1962-06-20"
48,"Chandra","civashechkin1b@china.com.cn","1966-04-22"
49,"Bette","bletessier1c@statcounter.com","1992-01-04"
50,"Agnella","anelane1d@jimdo.com","2001-11-11"
6,"Nazlı","nazlıcan@gmail.com","1999-01-10"
10,"Berkay","berkay123@gmail.com","2001-02-10"
1,"Esra","esraturkster@gmail.com","2000-10-10"
13,"Hatice","haticetr@gmail.com","1985-03-30"
